current_time,current_day_of_week,average_gas,average_light,average_loudness,average_temperature,average_humidity,average_object,average_ambient,average_distance,ocupada
0.7762237762237763,0.16666666666666666,0.5494025974025973,0.49532152100338434,0.1872340425531915,0.78125,0.7942583732057417,0.8165646380986687,0.7691515487601998,0.5324056423942051,1
0.8881118881118881,0.16666666666666666,0.617038961038961,0.4013537726458291,0.17872340425531916,0.78125,0.8548872180451127,0.8115804189879057,0.7758806287309351,0.5316724830640195,1
0.9020979020979021,0.16666666666666666,0.5710129870129871,0.39040414095162246,0.17446808510638295,0.8125,0.6993421052631579,0.8312207418077068,0.816882762505832,0.532361652834394,1
0.9300699300699301,0.16666666666666666,0.6224415584415585,0.4877563209237506,0.17446808510638295,0.8090277777777778,0.8362573099415205,0.8165752292994986,0.7782889310362504,0.531656276384089,1
0.986013986013986,0.16666666666666666,0.6298181818181818,0.005375273740792332,0.16595744680851063,0.84375,0.7894736842105263,0.8457796182931224,0.8472106472312451,0.5305580808821373,0
0.5524475524475524,0.3333333333333333,0.5847272727272727,0.32331276129802905,0.1702127659574468,0.84375,0.6851674641148325,0.8548793662225427,0.8571214801904815,0.5303234698964778,0
0.6013986013986014,0.3333333333333333,0.5586493506493507,0.7569181763886124,0.23829787234042552,0.78515625,0.6671052631578948,0.8272740367302848,0.8084369801156619,0.5329775066717499,1
0.6363636363636364,0.3333333333333333,0.530077922077922,0.7724467449731235,0.22978723404255322,0.75,0.642914979757085,0.80190853438963,0.7747374721628074,0.5344291621455175,1
0.9300699300699301,0.3333333333333333,0.5499220779220779,0.0061716105912801,0.1702127659574468,0.84375,0.7368421052631579,0.8558264314007922,0.863015131109879,0.5299715534179888,0
0.986013986013986,0.3333333333333333,0.5464935064935065,0.005176189528170404,0.16595744680851063,0.84375,0.7578947368421053,0.8597479294202379,0.8652729145211128,0.5299862166045926,0
0.006993006993006993,0.5,0.5464935064935065,0.006370694803902027,0.16170212765957445,0.84375,0.7610526315789473,0.8631508822470295,0.8648815653964987,0.5298689111117628,0
0.02097902097902098,0.5,0.5448311688311688,0.005972526378658171,0.15319148936170213,0.84375,0.7673684210526316,0.862275837234426,0.8643095935989865,0.5300888589108185,0
0.5104895104895105,0.5,0.5071168831168832,0.2787178976707147,0.1702127659574468,0.84375,0.6299595141700405,0.838293122074181,0.8502210251128898,0.5307487023079855,0
0.5314685314685315,0.5,0.5341298701298701,0.28409317141150703,0.1702127659574468,0.84375,0.6410526315789473,0.8502196615052218,0.8623227441971006,0.5305287545089299,1
0.6643356643356644,0.5,0.5424415584415585,0.33008162452717493,0.1702127659574468,0.8409090909090909,0.7684210526315789,0.8356393907941289,0.8343173758452128,0.5306607231883633,0
0.8181818181818182,0.5,0.5321558441558442,0.05932709536133783,0.16595744680851063,0.875,0.7588516746411483,0.8722578321930144,0.8847801631941696,0.5285052347576176,0
0.04895104895104895,0.6666666666666666,0.4882077922077922,0.007565200079633678,0.15319148936170213,0.84375,0.5894736842105263,0.8396543032048976,0.851184346035016,0.5333440863368427,0
0.06993006993006994,0.6666666666666666,0.49807792207792206,0.005972526378658171,0.1702127659574468,0.84375,0.6112781954887218,0.8529420237666551,0.8616604610631388,0.5328447662456531,0
0.45454545454545453,0.6666666666666666,0.45215584415584414,0.2432809078240095,0.1702127659574468,0.7838541666666665,0.5508771929824562,0.8176485415916462,0.7681581240592572,0.5334027390832575,0
0.5314685314685315,0.6666666666666666,0.5700779220779221,0.22775233923949828,0.1702127659574468,0.84375,0.6631578947368421,0.8457052680632935,0.8573733287975728,0.5305874072553447,0
0.5944055944055944,0.6666666666666666,0.5501298701298701,0.6577742385028866,0.2127659574468085,0.8153409090909091,0.7272727272727273,0.834339214980195,0.8093400934801553,0.531887800383095,1
0.7132867132867133,0.6666666666666666,0.5375584415584416,0.29902448735815246,0.17446808510638295,0.875,0.7442105263157895,0.8764133957508107,0.8852183404191646,0.529546321006481,0
0.7692307692307693,0.6666666666666666,0.5452467532467532,0.12920565399163847,0.17446808510638295,0.875,0.7684210526315789,0.8788260712999644,0.8917742744725241,0.5280066864130912,0
0.8741258741258742,0.6666666666666666,0.5526233766233766,0.008560621142743374,0.16170212765957445,0.875,0.8136842105263158,0.8887540511343179,0.8971829200665451,0.5286372034370509,0
0.9020979020979021,0.6666666666666666,0.5552207792207792,0.2518415289667529,0.16595744680851063,0.875,0.8222222222222223,0.8886056516877361,0.8942565158837048,0.5280653391595062,1
1.0,0.6666666666666666,0.5722597402597402,0.004578936890304593,0.1574468085106383,0.84375,0.7684210526315789,0.8495138638818873,0.8573556206923866,0.5306900495615707,0
0.44755244755244755,0.8333333333333334,0.5806753246753247,0.09058331674298227,0.16595744680851063,0.875,0.8307017543859649,0.8960460929060143,0.8983268636615703,0.5280753718661297,0
0.5034965034965035,0.8333333333333334,0.5761038961038961,0.07684650607206846,0.1702127659574468,0.90625,0.8429149797570851,0.898638818869284,0.9057926008080494,0.5297662688055368,0
0.5524475524475524,0.8333333333333334,0.5731948051948053,0.3045988453115667,0.17446808510638295,0.90625,0.8526315789473684,0.8959164566078507,0.906424780163194,0.5277427490542245,0
0.5664335664335665,0.8333333333333334,0.5681038961038961,0.31375671909217595,0.1702127659574468,0.90625,0.8555023923444975,0.8951386388188699,0.9065150914996435,0.5267309891785682,0
0.6363636363636364,0.8333333333333334,0.5635324675324676,0.33844316145729636,0.17446808510638295,0.90625,0.8631578947368421,0.9047965430320494,0.9129874039451794,0.5271268952168685,0
0.7342657342657343,0.8333333333333334,0.5628051948051949,0.261198486959984,0.1702127659574468,0.90625,0.8601503759398496,0.9066978754051138,0.9169945513920799,0.5270242529106426,0
0.7622377622377622,0.8333333333333334,0.5587532467532467,0.15747561218395378,0.1702127659574468,0.90625,0.8586466165413533,0.9076341375585165,0.9160579893844568,0.5267603155517757,0
0.9090909090909091,0.8333333333333334,0.546077922077922,0.005375273740792332,0.16170212765957445,0.90625,0.8850877192982456,0.9111487216420602,0.9137098946367743,0.5287691721164843,1
0.48951048951048953,1.0,0.5702857142857143,0.016723073860242865,0.15319148936170213,0.90625,0.8947368421052632,0.9205149441843721,0.9202725184187593,0.526950936977624,0
0.6363636363636364,1.0,0.5651948051948052,0.11367708540712719,0.1702127659574468,0.90625,0.9052631578947369,0.9205473532589131,0.9212659431197021,0.5263644095134755,0
0.013986013986013986,0.6666666666666666,0.5594805194805195,0.007366115867011722,0.1702127659574468,0.96875,0.8429824561403508,0.9750594166366586,0.9678063851699285,0.5101762515029766,0
0.04195804195804196,0.6666666666666666,0.5581298701298701,0.004379852677682637,0.16595744680851063,0.96875,0.8429149797570851,0.9764205977673753,0.9688600174285039,0.5062905070529927,0
0.06293706293706294,0.6666666666666666,0.5608311688311688,0.005972526378658171,0.1702127659574468,0.96875,0.8473684210526315,0.9773928700036013,0.9692814703319343,0.49637819290888296,0
0.48951048951048953,0.6666666666666666,0.7366233766233766,0.18415289667529364,0.17446808510638295,0.96875,0.8464912280701755,0.9760965070219667,0.9676558662758461,0.49636352972227926,0
0.4965034965034965,0.6666666666666666,0.7383896103896105,0.11188532749352972,0.16170212765957445,0.96875,0.843157894736842,0.978041051494419,0.9682278380733581,0.4985336813396287,0
0.5034965034965035,0.6666666666666666,0.7392207792207792,0.22496516026279112,0.1702127659574468,0.96875,0.8440191387559809,0.9781382787180414,0.9703953101481424,0.4975072582773688,0
0.6013986013986014,0.6666666666666666,0.7104415584415584,0.31833565598248054,0.17446808510638295,0.96875,0.8333333333333334,0.9769895570759819,0.9728872340612817,0.49431917281105636,0
0.6783216783216783,0.6666666666666666,0.6567272727272727,0.31196496117857847,0.1702127659574468,0.96875,0.8315789473684211,0.9801476413395753,0.9772890754971088,0.4951904747939822,0
0.7062937062937062,0.6666666666666666,0.6367792207792208,0.3063906032251642,0.17872340425531916,0.96875,0.8305263157894738,0.9807634137558516,0.9782222926404183,0.4958503181911493,0
0.7482517482517482,0.6666666666666666,0.6084155844155844,0.18972725462870788,0.1702127659574468,0.96875,0.8210526315789474,0.9805689593086067,0.977740632179355,0.49629021378926064,0
0.7972027972027972,0.6666666666666666,0.5931428571428571,0.08202269560023887,0.1702127659574468,0.96875,0.8218045112781954,0.9818329132157013,0.9768977263724952,0.49733130003812426,0
0.5454545454545454,0.8333333333333334,0.5981298701298702,0.29922357157077434,0.17446808510638295,0.96875,0.8210526315789474,0.9833633417356865,0.985831858952354,0.495249127540397,0
0.6083916083916084,0.8333333333333334,0.5965714285714286,0.15110491738005175,0.1702127659574468,0.96875,0.8210526315789474,0.9888368743248116,0.9869691128187524,0.4950878324877563,0
0.6923076923076923,0.8333333333333334,0.5888831168831168,0.3187338244077244,0.17446808510638295,0.990625,0.8221052631578947,0.9871804105149448,0.9908491554217608,0.49477990556907825,0
0.7692307692307693,0.8333333333333334,0.5672727272727273,0.13219191718096754,0.1702127659574468,0.9886363636363638,0.8277511961722488,0.9920741807706166,0.9916786817713694,0.49498287494154014,0
0.8111888111888111,0.8333333333333334,0.5612467532467533,0.05793350587298425,0.1702127659574468,0.990625,0.8263157894736842,0.9925193791103621,0.9920462647548123,0.49476524238247455,0
0.006993006993006993,1.0,0.559064935064935,0.003981684252438781,0.16170212765957445,0.9866071428571429,0.824812030075188,0.9889915058569347,0.9865362480253136,0.49511715886096364,0
0.04895104895104895,1.0,0.556987012987013,0.00477802110292652,0.1702127659574468,0.9772727272727275,0.8210526315789474,0.9892329852358668,0.9877384316107278,0.4947065896360597,0
0.4195804195804196,1.0,0.5844155844155844,0.03643241090981484,0.16170212765957445,0.96875,0.8315789473684211,0.9890601368383156,0.9804800760516522,0.496070265990205,0
0.45454545454545453,1.0,0.5805714285714285,0.1662353175393191,0.1702127659574468,0.96875,0.8280701754385965,0.9889088944904579,0.9835239025764255,0.49501451655473766,0
0.46153846153846156,1.0,0.581090909090909,0.1867409914393788,0.1702127659574468,0.96875,0.8234817813765182,0.9912135397911424,0.9849956428741193,0.4951318220475674,0
0.46853146853146854,1.0,0.5812987012987013,0.2172008759705355,0.1702127659574468,0.9722222222222222,0.8269005847953217,0.9904022538075375,0.986996658760153,0.49485322150209676,0
0.4965034965034965,1.0,0.5796363636363636,0.06729046386621537,0.1702127659574468,0.9735576923076925,0.8218623481781376,0.9910334893770265,0.9874039451794342,0.49455995777002254,0
0.5034965034965035,1.0,0.579948051948052,0.07226756918176384,0.1702127659574468,0.9791666666666665,0.8217543859649122,0.9898451566438611,0.988240161257669,0.49530778028681194,0
0.5804195804195804,1.0,0.5833766233766233,0.15926737009755124,0.1702127659574468,0.9914772727272727,0.828708133971292,0.9934353619013333,0.9921302384536163,0.49579166544473446,0
0.5874125874125874,1.0,0.5840000000000001,0.3199283296834561,0.17446808510638295,0.9927884615384616,0.8251012145748988,0.9929420237666553,0.9892770691946797,0.49541505307301803,0
0.5944055944055944,1.0,0.5843116883116883,0.3067887716504081,0.1702127659574468,0.9971590909090909,0.8258373205741627,0.9949585884047537,0.9929129367028438,0.49472125282266344,0
0.6923076923076923,1.0,0.5798441558441558,0.316942066494127,0.1702127659574468,1.0,0.8140350877192982,0.9923658624414842,0.9946589558741978,0.4940467462388926,0
0.7132867132867133,1.0,0.577038961038961,0.30300617161059124,0.1702127659574468,1.0,0.8210526315789474,0.9958588404753337,0.9992447648472371,0.4942666940379483,0
0.7342657342657343,1.0,0.5742337662337663,0.2371092972327294,0.1702127659574468,1.0,0.8149122807017545,0.995606769895571,0.9959082626950808,0.4949412006217191,0
0.7832167832167832,1.0,0.5705974025974027,0.10292653792554247,0.1702127659574468,1.0,0.8105263157894737,0.9976233345336697,0.9969033598281796,0.494897211061908,0
0.993006993006993,1.0,0.5621818181818182,0.003981684252438781,0.16170212765957445,1.0,0.8052631578947368,0.9943824270795828,0.9904143230610792,0.4953957594064342,0
0.0,0.0,0.5620779220779221,0.0061716105912801,0.16170212765957445,1.0,0.8105263157894737,0.9952502700756218,0.9918292006654517,0.494897211061908,0
0.055944055944055944,0.0,0.5606233766233767,0.005773442166036215,0.1702127659574468,1.0,0.8105263157894737,0.99742167806986,0.9925215875782301,0.49499985336813396,0
0.5314685314685315,0.0,0.6025974025974026,0.27931515030858045,0.1702127659574468,1.0,0.7905263157894736,0.9995678790061219,0.9980406136945791,0.4949412006217191,0
0.6223776223776224,0.0,0.5907532467532468,0.32888711925144337,0.1702127659574468,1.0,0.7894736842105263,0.996998453684679,0.9980111001859358,0.49475057919587084,0
0.6573426573426573,0.0,0.5884675324675325,0.1254230539518216,0.1702127659574468,1.0,0.7913875598086125,0.9988476773496583,0.9988768297728139,0.4942666940379483,0
0.6643356643356644,0.0,0.5858701298701299,0.08480987457694603,0.1702127659574468,1.0,0.7907894736842105,0.995816475672012,0.9990381702867323,0.4966567934543535,0
0.6783216783216783,0.0,0.5836883116883116,0.34302209834760095,0.17446808510638295,1.0,0.7894736842105263,0.9950306085704,0.9962009383224627,0.49498287494154014,0
0.8251748251748252,0.0,0.5511688311688312,0.04260402150109494,0.1702127659574468,1.0,0.7684210526315789,0.9903492978033857,0.9915515769274779,0.516129505264084,0
0.8811188811188811,0.0,0.5542857142857143,0.007167031654389795,0.16170212765957445,1.0,0.7684210526315789,0.987428244614375,0.9879174802298323,0.5207923986040646,0
0.055944055944055944,0.16666666666666666,0.5631168831168831,0.002588094764085202,0.1702127659574468,0.98125,0.8,0.9851710478934107,0.9853368190340389,0.509897650957506,0
0.44755244755244755,0.16666666666666666,0.5883636363636363,0.14234521202468642,0.16595744680851063,0.96875,0.8052631578947368,0.9827079582283044,0.9810219440703479,0.5198099651016159,0
0.7062937062937062,0.3333333333333333,0.5312207792207793,0.5988453115667925,0.2127659574468085,0.96875,0.8202429149797571,0.969711919337415,0.9672946209300488,0.5236223936185812,0
0.7552447552447552,0.3333333333333333,0.5442077922077921,0.6193509854668524,0.20425531914893616,0.96875,0.8315789473684211,0.9777457688152686,0.9726530935593759,0.524296900202352,0
0.8671328671328671,0.3333333333333333,0.5647792207792208,0.01015329484371888,0.16170212765957445,0.96875,0.8315789473684211,0.9789701116312575,0.9749944985784328,0.525162028211971,0
0.013986013986013986,0.5,0.5881558441558442,0.00477802110292652,0.16595744680851063,0.96875,0.8461538461538461,0.9715592365862444,0.9640434128178723,0.5242089210827297,0
0.42657342657342656,0.5,0.617038961038961,0.04937288473024088,0.16170212765957445,0.9625,0.8610526315789473,0.9639384742013487,0.9582032797274818,0.524194257896126,0
0.4405594405594406,0.5,0.6187012987012988,0.1650408122635875,0.1702127659574468,0.96875,0.8535885167464116,0.966957148001441,0.9670236869207007,0.5268629578580016,0
0.45454545454545453,0.5,0.6176623376623377,0.16324905434999,0.1702127659574468,0.96875,0.8564593301435406,0.9691285559956793,0.9664216113443718,0.5247954485468782,0
0.5034965034965035,0.5,0.6149610389610389,0.2683655186143738,0.1702127659574468,0.96875,0.8714285714285714,0.9676496787521566,0.9625128733264676,0.5249860699727265,0
0.5104895104895105,0.5,0.6132987012987012,0.06251244276328888,0.1702127659574468,0.96875,0.871345029239766,0.9687720561757296,0.9626887427711319,0.5242382474559372,0
0.5384615384615384,0.5,0.6083116883116884,0.3040015926737009,0.1702127659574468,0.96875,0.8631578947368421,0.9688436972878727,0.961467163114949,0.5249860699727265,0
0.5944055944055944,0.5,0.5963636363636363,0.1648417280509655,0.1702127659574468,0.96875,0.8449760765550238,0.9668770785231637,0.9592657660386505,0.5249860699727265,0
0.6013986013986014,0.5,0.5975064935064935,0.3728847302408918,0.17446808510638295,0.96875,0.845933014354067,0.9670867842996047,0.9598088145976923,0.5270829056570574,0
0.6783216783216783,0.5,0.5986493506493507,0.37248656181564793,0.17446808510638295,0.96875,0.8458646616541354,0.9714944184371627,0.965638913095144,0.5240329628434851,0
0.6853146853146853,0.5,0.5988571428571429,0.24168823412303403,0.17446808510638295,0.96875,0.8437246963562753,0.971948145480735,0.9659098471044919,0.5244728584415965,0
0.6993006993006993,0.5,0.5994805194805195,0.3483973720883933,0.1702127659574468,0.96875,0.845933014354067,0.9700036010082828,0.9625683276558662,0.5241795947095222,0
0.7062937062937062,0.5,0.597922077922078,0.33247063507863817,0.1702127659574468,0.8806818181818182,0.7655502392344499,0.9686712279438249,0.9619160791148436,0.5271252659739125,0
0.8321678321678322,0.5,0.5781818181818181,0.032649810869997985,0.16170212765957445,0.96875,0.8526315789473684,0.9656823910695002,0.9609460684640909,0.523373119446318,0
0.8811188811188811,0.5,0.5817142857142857,0.005375273740792332,0.1702127659574468,0.9591346153846154,0.8493927125506073,0.9617392870003609,0.9568787134595579,0.5256899029297046,0
0.8881118881118881,0.5,0.5838961038961039,0.004977105315548476,0.1574468085106383,0.9573863636363638,0.8488038277511962,0.9613179690313297,0.9560659114315144,0.5249420804129153,0
0.8951048951048951,0.5,0.5851428571428572,0.004977105315548476,0.16595744680851063,0.9545454545454546,0.8478468899521531,0.9625304497023881,0.9574949555200354,0.5247807853602744,0
0.9440559440559441,0.5,0.5923116883116883,0.005176189528170404,0.1702127659574468,0.9444444444444444,0.849122807017544,0.9605077421678079,0.9551627980670204,0.5247807853602744,0
0.5804195804195804,0.6666666666666666,0.5967792207792207,0.18475014931315942,0.1702127659574468,0.9375,0.8593301435406699,0.9556139719121358,0.9540489582508126,0.5250447227191413,0
0.6713286713286714,0.6666666666666666,0.5782857142857143,0.03245072665737606,0.1702127659574468,0.9375,0.8736842105263158,0.9555730341337686,0.9523726530935592,0.5249274172263116,0
0.7062937062937062,0.6666666666666666,0.5840000000000001,0.015329484371889284,0.1702127659574468,0.9375,0.8736842105263158,0.9551674468851284,0.9517476916035106,0.5262764303938532,0
0.7622377622377622,0.6666666666666666,0.588051948051948,0.11546884332072466,0.1702127659574468,0.9375,0.8736842105263158,0.9548793662225431,0.9516473456741221,0.5248247749200856,0
0.7902097902097902,0.6666666666666666,0.5882597402597403,0.0794346008361537,0.1702127659574468,0.9375,0.8725146198830409,0.9550306085704003,0.9534167788956669,0.5252206809583858,0
0.8741258741258742,0.6666666666666666,0.5971948051948052,0.005972526378658171,0.16595744680851063,0.9375,0.8631578947368421,0.9545495896745829,0.9515487601996356,0.5248247749200856,0
0.8951048951048951,0.6666666666666666,0.5996883116883117,0.005176189528170404,0.1702127659574468,0.9375,0.8631578947368421,0.9553871083903498,0.953567297789749,0.5248247749200856,0
0.013986013986013986,0.8333333333333334,0.6068571428571429,0.003981684252438781,0.16170212765957445,0.9375,0.8641148325358852,0.9536190133237311,0.9501756053764294,0.5249274172263116,0
0.07692307692307693,0.8333333333333334,0.6061298701298701,0.004379852677682637,0.16170212765957445,0.9375,0.868421052631579,0.9549102320078199,0.948183021921436,0.5249274172263116,0
0.46853146853146854,0.8333333333333334,0.5944935064935065,0.19191718096754926,0.1702127659574468,0.9375,0.8631578947368421,0.9535702937999115,0.9500929675522274,0.5258218716091381,0
0.6853146853146853,0.8333333333333334,0.564051948051948,0.36093967748357547,0.1702127659574468,0.90625,0.7672514619883041,0.9282319049333824,0.9259587877507555,0.5266283468723423,0
0.7202797202797203,0.8333333333333334,0.5570909090909092,0.31773840334461473,0.1702127659574468,0.93125,0.7789473684210526,0.9357220021606056,0.9318791975846562,0.5268251422714973,0
0.7762237762237763,0.8333333333333334,0.5554285714285715,0.061915190125423035,0.1702127659574468,0.9375,0.8,0.9408030248469574,0.9446565792600806,0.5257632188627233,0
0.8041958041958042,0.8333333333333334,0.5558441558441558,0.09615767469639652,0.16595744680851063,0.9375,0.8105263157894737,0.9435577961829317,0.9469143626713141,0.5256752397431009,0
0.8181818181818182,0.8333333333333334,0.5567792207792207,0.07664742185944654,0.1702127659574468,0.9375,0.8105263157894737,0.9445624774936986,0.9453188623940431,0.5257925452359307,0
0.9300699300699301,0.8333333333333334,0.559064935064935,0.0067688632291459105,0.1574468085106383,0.9375,0.8221052631578947,0.9466042491897737,0.9455596926245742,0.5257485556761196,0
0.9440559440559441,0.8333333333333334,0.5602077922077923,0.004977105315548476,0.16595744680851063,0.9375,0.8234817813765182,0.9470903853078865,0.945469381288125,0.5256459133698935,0
0.02097902097902098,1.0,0.5672727272727273,0.005176189528170404,0.1702127659574468,0.9375,0.8229665071770336,0.9476737486496226,0.9468541551136811,0.5246781430540485,0
0.5174825174825175,1.0,0.5996883116883117,0.05952617957395976,0.16595744680851063,0.9375,0.8526315789473684,0.9512561978892556,0.9494037136119049,0.5272002111498871,0
0.5734265734265734,1.0,0.5942857142857143,0.28110690822217793,0.1702127659574468,0.9375,0.8660287081339713,0.9559704717320854,0.9554939396340019,0.527610780374791,0
0.6153846153846154,1.0,0.5868051948051948,0.33306788771650403,0.1702127659574468,0.9375,0.8736842105263158,0.9566510622974441,0.9561863265467802,0.5246796865473752,0
0.6433566433566433,1.0,0.5791168831168831,0.38303802508461077,0.17446808510638295,0.9375,0.8827067669172933,0.9568131076701483,0.954079062029629,0.5248980908531042,0
0.9440559440559441,1.0,0.5677922077922077,0.004578936890304593,0.16170212765957445,0.9513888888888888,0.8888888888888888,0.9589521065898461,0.9563669492196788,0.5246488166808411,0
0.965034965034965,1.0,0.5684155844155845,0.005375273740792332,0.1574468085106383,0.9508928571428571,0.8887218045112782,0.9585307886208148,0.9567582983442923,0.5234904249391478,0
0.9790209790209791,1.0,0.5672727272727273,0.004977105315548476,0.1702127659574468,0.953125,0.8894736842105263,0.9572992437882616,0.9564271567773117,0.525367312824423,0
0.04895104895104895,0.0,0.5680000000000001,0.006569779016523983,0.1574468085106383,0.9488636363636364,0.8794258373205742,0.9584011523226512,0.956035807652698,0.524751458987067,0
0.5034965034965035,0.0,0.5774545454545454,0.2715508660163249,0.1702127659574468,0.9583333333333334,0.880701754385965,0.9608827614589236,0.959063387693666,0.5244288688817854,0
0.5594405594405595,0.0,0.5655064935064935,0.2799124029464463,0.1702127659574468,0.96875,0.869298245614035,0.9621173928700045,0.9617822845423261,0.5223906859438693,0
0.5664335664335665,0.0,0.5622857142857143,0.25004977105315546,0.17446808510638295,0.96875,0.8631578947368421,0.9618365142239836,0.9652174601917137,0.5241209419631074,0
0.5734265734265734,0.0,0.5608311688311688,0.3020107505474815,0.1702127659574468,0.96875,0.8535885167464116,0.964785740007203,0.968348253188624,0.5243848793219742,0
0.6363636363636364,0.0,0.6015584415584415,0.30559426637467646,0.16595744680851063,0.96875,0.8449760765550238,0.9640727403673037,0.9644648657213024,0.5245021848148039,0
0.6573426573426573,0.0,0.6918441558441558,0.29006569779016517,0.17446808510638295,0.96875,0.8421052631578947,0.9608318329132166,0.964224035490771,0.5241356051497111,0
0.7132867132867133,0.0,0.6512207792207791,0.36193509854668515,0.17446808510638295,0.96875,0.8315789473684211,0.966276557436083,0.9682880456309911,0.5242235842693332,0
0.7202797202797203,0.0,0.6464415584415585,0.15787378060919763,0.1702127659574468,0.96875,0.8315789473684211,0.9681562837594532,0.9682579418521747,0.5243115633889557,0
0.8461538461538461,0.0,0.5818181818181818,0.0209038423253036,0.1702127659574468,0.96875,0.8449122807017544,0.9677997839395036,0.9659399508833084,0.5246781430540485,0
0.8741258741258742,0.0,0.5758961038961038,0.007764284292255606,0.16170212765957445,0.96875,0.8488038277511962,0.9671516024486863,0.966903271805435,0.5244790324149033,0
0.9440559440559441,0.0,0.5714285714285714,0.006569779016523983,0.1702127659574468,0.96875,0.8526315789473684,0.965012603528989,0.9640434128178723,0.5244435320683891,0
0.951048951048951,0.0,0.5716363636363637,0.005375273740792332,0.16595744680851063,0.96875,0.8539473684210527,0.9650774216780708,0.9635015447991762,0.5244142056951816,0
0.958041958041958,0.0,0.5717402597402597,0.005176189528170404,0.16595744680851063,0.96875,0.8538011695906433,0.9660821029888378,0.9627489503287648,0.5245901639344261,0
0.006993006993006993,0.16666666666666666,0.5641558441558442,0.004977105315548476,0.16170212765957445,0.96875,0.8526315789473684,0.9644940583363351,0.9643143468272203,0.5240622892166925,0
0.4825174825174825,0.16666666666666666,0.5941818181818181,0.10073661158670115,0.1702127659574468,0.96875,0.8421052631578947,0.96728123874685,0.9638928939237902,0.5240916155899,0
0.4965034965034965,0.16666666666666666,0.6025974025974026,0.23034043400358345,0.1702127659574468,0.96875,0.8421052631578947,0.9677349657904221,0.9644648657213024,0.5248687644798967,0
0.5244755244755245,0.16666666666666666,0.6161038961038962,0.22894684451522992,0.1702127659574468,0.96875,0.8403508771929824,0.9705221462009366,0.9650368375188149,0.5262177776474383,0
0.7132867132867133,0.16666666666666666,0.5570909090909092,0.11407525383237105,0.16595744680851063,0.96875,0.8105263157894737,0.9738602808786465,0.9688600174285038,0.5241356051497111,0
0.7762237762237763,0.16666666666666666,0.5547012987012987,0.06928130599243476,0.1702127659574468,0.96875,0.811578947368421,0.9725639178970115,0.9681375267369088,0.5242822370157483,0
0.8181818181818182,0.16666666666666666,0.56,0.04977105315548477,0.16595744680851063,0.96875,0.8118421052631579,0.9729204177169611,0.9694921967836494,0.524194257896126,0
0.986013986013986,0.16666666666666666,0.5713246753246753,0.005375273740792332,0.1702127659574468,0.96875,0.8147368421052632,0.9716564638098673,0.965367979085796,0.5243848793219742,0
0.04195804195804196,0.3333333333333333,0.5768311688311689,0.005176189528170404,0.16595744680851063,0.96875,0.816267942583732,0.9689989196975162,0.9666022340172704,0.525162028211971,0
0.9370629370629371,0.3333333333333333,0.5859740259740259,0.004180768465060709,0.16170212765957445,0.96875,0.8,0.9688044652502705,0.962899469222847,0.5245021848148039,0
0.951048951048951,0.3333333333333333,0.5884675324675325,0.00477802110292652,0.16595744680851063,0.96875,0.8009569377990431,0.9663665826431407,0.9622171169030079,0.5260711457814011,0
0.0,0.5,0.5925194805194804,0.005972526378658171,0.16595744680851063,0.9635416666666665,0.8087719298245614,0.9684784680887123,0.9617094845543386,0.5247661221736708,0
0.03496503496503497,0.5,0.5926233766233766,0.005773442166036215,0.16595744680851063,0.9665178571428571,0.8180451127819548,0.9667626935541961,0.9602436469583743,0.5248394381066893,0
0.07692307692307693,0.5,0.5902337662337662,0.005176189528170404,0.1702127659574468,0.965625,0.8178947368421053,0.9674108750450129,0.959832425404607,0.5321417050353383,0
0.4405594405594406,0.5,0.7756883116883118,0.460481783794545,0.1829787234042553,0.875,0.734412955465587,0.8917261539113308,0.8441630823287093,0.5281533182791284,1
0.6713286713286714,0.5,0.6236883116883116,0.33545689826796726,0.17446808510638295,0.9375,0.7368421052631579,0.9601188332733174,0.9557949774221667,0.5254205633441944,0
0.7692307692307693,0.5,0.5965714285714286,0.14353971730041803,0.1702127659574468,0.9375,0.7684210526315789,0.9593806265754419,0.9576012041511524,0.5256312501832898,0
0.8041958041958042,0.5,0.5904415584415584,0.015727652797133167,0.16170212765957445,0.96875,0.7781376518218623,0.9601188332733174,0.967445139824131,0.7689814950585062,0
0.8251748251748252,0.5,0.5910649350649351,0.02170017917579134,0.1702127659574468,0.9375,0.7781376518218623,0.9579474252790787,0.9541994771448946,0.5259098507287604,0
0.9020979020979021,0.5,0.5864935064935065,0.007565200079633678,0.15319148936170213,0.9375,0.7904306220095694,0.9547353258912502,0.949272492011936,0.5250153963459339,0
0.972027972027972,0.5,0.5863896103896103,0.005574357953414288,0.1702127659574468,0.9375,0.8,0.9505905653583007,0.9455596926245742,0.5251033754655562,0
0.4195804195804196,0.6666666666666666,0.6131948051948053,0.027672705554449513,0.16595744680851063,0.9375,0.8245614035087718,0.9446482662204246,0.9387597802330951,0.5258527414756722,0
0.46153846153846156,0.6666666666666666,0.6854025974025975,0.160063706948039,0.1702127659574468,0.9375,0.7907894736842105,0.945850311771507,0.9569040640101402,0.5263157894736842,0
0.48951048951048953,0.6666666666666666,0.6883116883116883,0.2717499502289468,0.1702127659574468,0.9375,0.7780701754385966,0.9474195932755911,0.9526578467876103,0.5259391771019678,0
0.5174825174825175,0.6666666666666666,0.671896103896104,0.31256221381644433,0.1702127659574468,0.96875,0.7747368421052631,0.9508250545446846,0.9751676444958085,0.5251701744267508,0
0.7832167832167832,0.6666666666666666,0.5954285714285714,0.08341628508859247,0.16595744680851063,0.9375,0.8736842105263158,0.9440763413755854,0.9512562538467634,0.5249714067861228,0
0.7972027972027972,0.6666666666666666,0.5952207792207792,0.09715309575950623,0.1702127659574468,0.9375,0.8736842105263158,0.9453727043572207,0.9518480375328987,0.5257045661163084,0
0.8601398601398601,0.6666666666666666,0.5923116883116883,0.017320326498108676,0.16595744680851063,0.9375,0.8736842105263158,0.9418648986422087,0.9480742435610068,0.5243262265755594,0
0.8741258741258742,0.6666666666666666,0.5918961038961039,0.006370694803902027,0.16595744680851063,0.9375,0.8736842105263158,0.9377241627655752,0.9552230056246536,0.5259098507287603,0
0.9020979020979021,0.6666666666666666,0.595948051948052,0.004379852677682637,0.16170212765957445,0.9375,0.8736842105263158,0.9403817068779263,0.9380337479204627,0.5258072084225344,0
0.9090909090909091,0.6666666666666666,0.5969870129870131,0.004578936890304593,0.1574468085106383,0.9375,0.8736842105263158,0.941663665826432,0.9377661587754279,0.5256605765564972,0
0.02097902097902098,0.8333333333333334,0.601038961038961,0.005574357953414288,0.1702127659574468,0.9375,0.8631578947368421,0.9329276197335263,0.9377628139111148,0.5261884512742309,0
0.07692307692307693,0.8333333333333334,0.5968831168831169,0.004379852677682637,0.1702127659574468,0.9375,0.8535885167464116,0.9323766654663315,0.9371908421136026,0.5258658611689492,0
0.4755244755244755,0.8333333333333334,0.5943896103896105,0.32689627712522396,0.17872340425531916,0.9375,0.8832535885167464,0.9326035289881175,0.9383347857086272,0.5255432710636675,0
0.5174825174825175,0.8333333333333334,0.5896103896103896,0.10850089587895678,0.1702127659574468,0.9375,0.879298245614035,0.9369787540511348,0.9362877287491087,0.526129798527816,0
0.5594405594405595,0.8333333333333334,0.5890909090909091,0.03842325303603423,0.1702127659574468,0.9375,0.8736842105263158,0.9325063017644947,0.9374918799017671,0.5258951875421566,0
0.6013986013986014,0.8333333333333334,0.5852467532467532,0.14553055942663742,0.1702127659574468,0.9375,0.8827067669172933,0.9353619013323737,0.9394720395750268,0.5258658611689492,0
0.7552447552447552,0.8333333333333334,0.5645714285714285,0.20724666533943853,0.1702127659574468,0.9375,0.8736842105263158,0.9391339575081028,0.9420977580606827,0.5256459133698935,0
0.7692307692307693,0.8333333333333334,0.561038961038961,0.15369301214413691,0.1702127659574468,0.9375,0.8736842105263158,0.9384227583723448,0.9416796500215657,0.5257485556761196,0
0.8951048951048951,0.8333333333333334,0.5628051948051949,0.00477802110292652,0.1574468085106383,0.9375,0.8631578947368421,0.9380158444364428,0.9431513903192585,0.5254552919440453,0
0.06293706293706294,1.0,0.5718441558441558,0.004578936890304593,0.16595744680851063,0.9375,0.8557894736842105,0.9374144760532955,0.9417465473078244,0.5258805243555529,0
0.46853146853146854,1.0,0.5867012987012987,0.07186940075651999,0.1702127659574468,0.9375,0.8589473684210526,0.9441843716240552,0.9495066325138415,0.5251033754655562,0
0.48951048951048953,1.0,0.5861818181818182,0.02170017917579134,0.16170212765957445,0.9375,0.856140350877193,0.9413863881886934,0.9432417016557079,0.5252500073315932,0
0.6643356643356644,1.0,0.5718441558441558,0.16245271749950227,0.1702127659574468,0.9375,0.8592105263157894,0.9437522506301768,0.9434524281074231,0.5252793337048007,0
0.7062937062937062,1.0,0.561038961038961,0.2528369500298626,0.17446808510638295,0.9375,0.8526315789473684,0.9426359380626579,0.9480683408592782,0.524854101293293,0
0.7412587412587412,1.0,0.5571948051948051,0.1702170017917579,0.1702127659574468,0.9375,0.8421052631578947,0.9468131076701483,0.9499414648745237,0.5252646705181969,0
0.7552447552447552,1.0,0.5560519480519481,0.19569978100736604,0.1702127659574468,0.9375,0.8421052631578947,0.9432841195534754,0.9483359300043133,0.5253233232646118,0
0.8041958041958042,1.0,0.5531428571428572,0.07306390603225162,0.1702127659574468,0.9375,0.8421052631578947,0.9435806731767252,0.9491721460825479,0.5268405772047644,0
0.9090909090909091,1.0,0.5468051948051947,0.003782600039816825,0.16170212765957445,0.9375,0.8315789473684211,0.9442707958228308,0.9466735324407825,0.5252060177717821,0
0.916083916083916,1.0,0.5483636363636363,0.0027871789767071296,0.16170212765957445,0.9375,0.8315789473684211,0.945258319388253,0.9470825896705825,0.5251473650253673,0
0.42657342657342656,0.0,0.6072727272727273,0.030658968743778596,0.16595744680851063,0.9375,0.8526315789473684,0.9442707958228306,0.9437534658955873,0.5251180386521599,0
0.45454545454545453,0.0,0.7714285714285715,0.05833167429822814,0.1702127659574468,0.9375,0.8421052631578947,0.9461505221462013,0.9447167868177139,0.5249420804129153,0
0.5174825174825175,0.0,0.806961038961039,0.037029663547680655,0.16170212765957445,0.9375,0.8404858299595142,0.9481179436124472,0.9486409029269637,0.5252793337048007,0
0.5384615384615384,0.0,0.7936623376623376,0.06510053752737405,0.1702127659574468,0.9375,0.8382775119617225,0.9473172488296728,0.9490304812410587,0.5251473650253673,0
0.6223776223776224,0.0,0.7790129870129869,0.024885526577742383,0.1702127659574468,0.9375,0.8315789473684211,0.9473671089443512,0.9513025673526345,0.5252939968914044,0
0.7132867132867133,0.0,0.6979740259740259,0.21759904439577935,0.1702127659574468,0.9375,0.8421052631578947,0.9510262873604611,0.9518145888897693,0.5261591249010235,0
0.7342657342657343,0.0,0.6747012987012987,0.24168823412303403,0.1702127659574468,0.9375,0.8421052631578947,0.9501980554555278,0.9515135511016047,0.5250887122789525,0
0.8041958041958042,0.0,0.6233766233766234,0.06390603225164243,0.16170212765957445,0.9375,0.8494736842105264,0.9496939142960035,0.9517142429603813,0.5261444617144198,0
0.986013986013986,0.0,0.5654025974025975,0.005375273740792332,0.16595744680851063,0.9375,0.8511278195488722,0.9398955707598131,0.9444759565871821,0.5257485556761196,0
0.6083916083916084,0.16666666666666666,0.6375064935064936,0.09794943260999399,0.1702127659574468,0.9375,0.8745614035087719,0.9367194814548083,0.9371908421136026,0.5254406287574416,0
0.6293706293706294,0.16666666666666666,0.6362597402597402,0.1473223173402349,0.16595744680851063,0.9375,0.8736842105263158,0.9367842996038894,0.9357759645092296,0.5257632188627233,0
0.6503496503496503,0.16666666666666666,0.6276363636363637,0.3406330877961377,0.17872340425531916,0.9375,0.8736842105263158,0.9346128916096516,0.9377026063534822,0.5250007331593302,0
0.7062937062937062,0.16666666666666666,0.5933506493506494,0.3020107505474815,0.17446808510638295,0.9375,0.8842105263157894,0.9317227647270656,0.9389014450745844,0.5251180386521599,0
0.8601398601398601,0.16666666666666666,0.5537662337662338,0.01353772645829185,0.1574468085106383,0.9375,0.8821052631578947,0.9386748289521071,0.9493059406550654,0.5252793337048007,0
0.8811188811188811,0.16666666666666666,0.5528311688311689,0.004977105315548476,0.1702127659574468,0.9375,0.8842105263157894,0.9410154843356143,0.9475331625692077,0.5249860699727265,0
0.9790209790209791,0.16666666666666666,0.5525194805194805,0.003981684252438781,0.16595744680851063,0.9375,0.8853801169590644,0.9389557075981279,0.9432718054345245,0.5266136836857386,0
0.993006993006993,0.16666666666666666,0.5534545454545455,0.005574357953414288,0.15319148936170213,0.9375,0.8842105263157894,0.939395030608571,0.9432517362486469,0.525367312824423,0
0.013986013986013986,0.3333333333333333,0.5547012987012987,0.0061716105912801,0.15319148936170213,0.9375,0.8858299595141701,0.9415196254951392,0.9397730773631913,0.5254259655708378,0
0.43356643356643354,0.3333333333333333,0.5844155844155844,0.05653991638463068,0.1702127659574468,0.9375,0.906766917293233,0.9360064818149091,0.9427600411946448,0.5253819760110267,0
0.44755244755244755,0.3333333333333333,0.5923116883116883,0.048974716304996994,0.16170212765957445,0.9375,0.9076923076923077,0.9385343896290967,0.9431814940980753,0.5249860699727265,0
0.46853146853146854,0.3333333333333333,0.5984415584415584,0.08719888512840927,0.16595744680851063,0.9375,0.906578947368421,0.9374239523908804,0.9427711320605242,0.5249714067861228,0
0.5104895104895105,0.3333333333333333,0.6013506493506493,0.09715309575950623,0.1702127659574468,0.9375,0.9140350877192982,0.938652085741903,0.9428661966252079,0.5250447227191413,0
0.5244755244755245,0.3333333333333333,0.5983376623376623,0.1652398964762094,0.1702127659574468,0.8522727272727275,0.8325358851674641,0.938469571480015,0.9430911827616256,0.5252793337048007,0
0.6573426573426573,0.3333333333333333,0.551896103896104,0.09994027473621338,0.1702127659574468,0.9375,0.8736842105263158,0.9412929737973695,0.9500575513418551,0.5260124930349863,0
0.7342657342657343,0.3333333333333333,0.5469090909090909,0.169818833366514,0.17446808510638295,0.9375,0.8631578947368421,0.9319553474973001,0.9451984472787769,0.5249420804129153,0
0.7482517482517482,0.3333333333333333,0.5433766233766234,0.18972725462870788,0.1702127659574468,0.9375,0.8631578947368421,0.9374000720201664,0.9433621167709737,0.5246194903076336,0
0.9090909090909091,0.3333333333333333,0.5446233766233767,0.005375273740792332,0.15319148936170213,0.9375,0.8736842105263158,0.9319515346650011,0.9410972501176663,0.5253526496378192,0
0.9230769230769231,0.3333333333333333,0.5449350649350649,0.004977105315548476,0.17446808510638295,0.9375,0.8723684210526316,0.9347137198415563,0.9398399746494499,0.5253125188113249,0
0.9440559440559441,0.3333333333333333,0.5481558441558442,0.004379852677682637,0.16170212765957445,0.9375,0.8736842105263158,0.9371407994238393,0.9366790778737227,0.5255872606234787,0
0.9790209790209791,0.3333333333333333,0.551064935064935,0.005176189528170404,0.1702127659574468,0.9375,0.8736842105263158,0.9348397551314372,0.9358060682880461,0.5280908067993968,0
0.0,0.5,0.553974025974026,0.004977105315548476,0.16595744680851063,0.9375,0.8736842105263158,0.9365250270075626,0.9373112572288683,0.5252500073315932,0
0.013986013986013986,0.5,0.5551168831168831,0.004578936890304593,0.16170212765957445,0.9375,0.8744939271255061,0.9350342095786828,0.9367994929889886,0.525572597436875,0
0.07692307692307693,0.5,0.5606233766233767,0.00477802110292652,0.16170212765957445,0.9375,0.8753036437246964,0.9347101188332743,0.9374617761229507,0.5253233232646118,0
0.5034965034965035,0.5,0.5548051948051949,0.2556241290065698,0.17446808510638295,0.9375,0.8526315789473684,0.9306445804825362,0.9414789581627896,0.5254699551306489,0
0.8111888111888111,0.5,0.5420259740259741,0.07107306390603221,0.1702127659574468,0.9375,0.8334928229665073,0.9342392340443566,0.9487117353477084,0.5249127540397079,0
0.8251748251748252,0.5,0.5423376623376623,0.04499303205255822,0.16170212765957445,0.9375,0.8357894736842106,0.9380380190663917,0.9519607066465976,0.5251766913985747,0
0.9090909090909091,0.5,0.5402597402597402,0.003981684252438781,0.16170212765957445,0.9375,0.8411483253588516,0.9355573846391281,0.9505913242267521,0.5252939968914044,0
0.9790209790209791,0.5,0.5405714285714285,0.005574357953414288,0.17872340425531916,0.9375,0.8421052631578947,0.9369463449765939,0.9510492052322792,0.5251033754655562,0
0.5104895104895105,0.6666666666666666,0.5485714285714286,0.21540911805693802,0.17446808510638295,0.9375,0.8228070175438597,0.9412929737973696,0.9501283837625998,0.5253086600780081,0
0.5174825174825175,0.6666666666666666,0.5473246753246753,0.24208640254827787,0.17446808510638295,0.9375,0.8210526315789474,0.9403673028447971,0.9516473456741223,0.5250300595325376,0
0.5244755244755245,0.6666666666666666,0.5467012987012988,0.11208441170615166,0.1702127659574468,0.9375,0.8192982456140351,0.9400432120993881,0.9507442323096291,0.5251913545851784,0
0.5664335664335665,0.6666666666666666,0.6258701298701298,0.6521998805494724,0.22127659574468087,0.9375,0.8105263157894737,0.9392870003601013,0.940508947512038,0.5266136836857386,0
0.7272727272727273,0.6666666666666666,0.5711168831168831,0.2504479394783993,0.1702127659574468,0.9375,0.7887218045112783,0.9496182931220746,0.9560659114315145,0.5255872606234787,0
0.9020979020979021,0.6666666666666666,0.5779740259740259,0.00477802110292652,0.16170212765957445,0.9375,0.8008097165991903,0.9499819949585889,0.9513463078859576,0.5252646705181969,0
0.04895104895104895,0.8333333333333334,0.5868051948051948,0.005375273740792332,0.1702127659574468,0.9375,0.8184210526315789,0.9438494778537992,0.9451984472787771,0.5256605765564972,0
0.07692307692307693,0.8333333333333334,0.5871168831168831,0.005574357953414288,0.16170212765957445,0.9375,0.8210526315789474,0.9447893410154846,0.9441749187990173,0.5268043051115868,0
0.43356643356643354,0.8333333333333334,0.6033246753246754,0.045391200477802096,0.16595744680851063,0.909375,0.8578947368421053,0.9223262513503788,0.9236173827316984,0.5260858089680048,0
0.48951048951048953,0.8333333333333334,0.598025974025974,0.24387816046187535,0.1702127659574468,0.90625,0.8621052631578948,0.9065790421317974,0.9230420660698726,0.5256459133698935,0
0.5874125874125874,0.8333333333333334,0.5815064935064935,0.2572168027075452,0.1702127659574468,0.9206730769230769,0.8623481781376517,0.898019445444725,0.9250556743862617,0.5259391771019678,0
0.8181818181818182,0.8333333333333334,0.5620779220779221,0.048775632092375065,0.16595744680851063,0.90625,0.8842105263157894,0.8919301404393235,0.9232226887427712,0.5258836113422063,0
0.9230769230769231,0.8333333333333334,0.5672727272727273,0.004977105315548476,0.16595744680851063,0.90625,0.8947368421052632,0.8854879366222544,0.9179645620428319,0.5253966391976304,0
0.4405594405594406,1.0,0.5823376623376624,0.10372287477603023,0.1574468085106383,0.90625,0.9276315789473685,0.8780266474612896,0.897875306979323,0.5265843573125312,0
0.5734265734265734,1.0,0.551064935064935,0.29842723472028665,0.17446808510638295,0.90625,0.9052631578947369,0.8584822697723788,0.8909926324962371,0.526950936977624,0
0.6013986013986014,1.0,0.5445194805194805,0.30559426637467646,0.1702127659574468,0.90625,0.8863157894736843,0.8589485055815631,0.8910049556805479,0.5265990204991349,0
0.6223776223776224,1.0,0.5451428571428572,0.3145530559426637,0.1702127659574468,0.90625,0.8842105263157894,0.8600288080662589,0.8930453229114403,0.52847590838441,0
0.7132867132867133,1.0,0.5446233766233767,0.3067887716504081,0.17446808510638295,0.90625,0.8851674641148326,0.8594562477493701,0.8952863820011097,0.52847590838441,0
0.7342657342657343,1.0,0.546077922077922,0.2203862233724865,0.1702127659574468,0.90625,0.8940350877192983,0.8603312927619736,0.8961593915867866,0.5265550309393238,0
0.8111888111888111,1.0,0.5506493506493506,0.06310969540115466,0.16170212765957445,0.90625,0.9052631578947369,0.8588916475560529,0.8947952150835778,0.5288131616762954,0
0.4755244755244755,0.0,0.6054025974025975,0.205653991638463,0.16595744680851063,0.765625,0.8144736842105263,0.840561757292042,0.8810171908421138,0.5275814540015836,0
0.5104895104895105,0.0,0.6025974025974026,0.25701771849492333,0.17446808510638295,0.875,0.9358851674641148,0.8411955347497302,0.8798665575184629,0.5271268952168685,0
0.5454545454545454,0.0,0.5915844155844155,0.28469042404937284,0.17446808510638295,0.875,0.9376518218623482,0.8442203817068782,0.8786624063658055,0.5274348221355465,0
0.5734265734265734,0.0,0.5864935064935065,0.7272546287079432,0.22978723404255322,0.8774038461538463,0.9376518218623482,0.8442563917897016,0.8807462568327658,0.5298249215519516,0
0.8391608391608392,0.3333333333333333,0.5830649350649351,0.031057137169022482,0.16595744680851063,0.90625,0.9263157894736842,0.9095930860640984,0.912084290580686,0.5263057567670605,0
0.8741258741258742,0.3333333333333333,0.5842077922077922,0.005574357953414288,0.1574468085106383,0.90625,0.9357894736842106,0.9105005401512433,0.912415432147667,0.5262617672072495,0
0.9020979020979021,0.3333333333333333,0.5845194805194805,0.0061716105912801,0.16170212765957445,0.90625,0.9421052631578948,0.9104681310767021,0.9137701021944072,0.5270257964039692,0
0.916083916083916,0.3333333333333333,0.5879480519480519,0.003782600039816825,0.15319148936170213,0.90625,0.9442105263157895,0.9112783579402242,0.9117230452348887,0.5267749787383794,0
0.9300699300699301,0.3333333333333333,0.5881558441558442,0.005574357953414288,0.16595744680851063,0.90625,0.9473684210526315,0.9114404033129285,0.9126562623781985,0.5262177776474383,0
0.9440559440559441,0.3333333333333333,0.5885714285714285,0.005375273740792332,0.16595744680851063,0.90625,0.9473684210526315,0.9125423118473176,0.9119939792442365,0.5263790727000792,0
0.972027972027972,0.3333333333333333,0.5878441558441558,0.005375273740792332,0.1702127659574468,0.90625,0.9483253588516747,0.9103709038530795,0.9128970926087301,0.5263204199536643,0
0.43356643356643354,0.5,0.6074805194805195,0.0688831375671909,0.1702127659574468,0.90625,0.9779904306220095,0.9100468131076711,0.9118434603501545,0.5260858089680048,0
0.46853146853146854,0.5,0.607064935064935,0.2076448337646824,0.1702127659574468,0.90625,0.9836257309941521,0.9160749009722728,0.9127766774934643,0.5246341534942374,0
0.5384615384615384,0.5,0.6046753246753247,0.0770455902846904,0.16595744680851063,0.90625,0.98,0.9156211739287007,0.9133787530697934,0.5263790727000792,0
0.5524475524475524,0.5,0.6048831168831169,0.09356957993231135,0.1702127659574468,0.90625,0.9789473684210527,0.9156928150408434,0.9132694288204074,0.5260564825947974,0
0.6013986013986014,0.5,0.603012987012987,0.11208441170615166,0.1702127659574468,0.90625,0.9732057416267941,0.9170521592199666,0.9153169732905139,0.5262386148073489,0
0.6153846153846154,0.5,0.6037402597402598,0.0822217798128608,0.1702127659574468,0.90625,0.968421052631579,0.9155563557796191,0.9188782381367347,0.5261591249010235,0
0.6713286713286714,0.5,0.6019740259740259,0.0856062114274338,0.16595744680851063,0.90625,0.9637426900584796,0.9176449405833638,0.9181987025447378,0.5256366524099333,0
0.6853146853146853,0.5,0.5876363636363636,0.20406131793748752,0.1702127659574468,0.8776041666666665,0.8771929824561403,0.8959744517938714,0.8735324407826985,0.527905587600192,1
0.7132867132867133,0.5,0.48353246753246754,0.4682460680868007,0.1829787234042553,0.8125,0.7438596491228071,0.8400432120993883,0.8012421769785315,0.5313498929587378,1
0.7202797202797203,0.5,0.4724155844155844,0.11387616961974911,0.1702127659574468,0.8402777777777778,0.6748538011695907,0.8553778215795163,0.8464073516596693,0.5306313968151558,0
0.8111888111888111,0.5,0.5321558441558442,0.03961775831176585,0.1702127659574468,0.90625,0.76,0.9064494058336338,0.9059130159233149,0.5275521276283761,0
0.9300699300699301,0.5,0.5716363636363637,0.003981684252438781,0.16170212765957445,0.90625,0.8200000000000001,0.9105005401512427,0.9112714885526425,0.5268482946713979,0
0.013986013986013986,0.6666666666666666,0.5764155844155844,0.0035835158271948974,0.1702127659574468,0.90625,0.8508771929824561,0.9124450846236956,0.9124756397052994,0.5269216106044166,0
0.027972027972027972,0.6666666666666666,0.5782857142857143,0.005176189528170404,0.1702127659574468,0.90625,0.8526315789473684,0.9122830392509912,0.9129573001663631,0.5269802633508314,0
0.06293706293706294,0.6666666666666666,0.5807792207792207,0.005773442166036215,0.16595744680851063,0.90625,0.8631578947368421,0.9115376305365511,0.9128669888299136,0.5264670518197014,0
0.07692307692307693,0.6666666666666666,0.5817142857142857,0.005176189528170404,0.15319148936170213,0.90625,0.8631578947368421,0.9106301764494064,0.9122649132535845,0.5271708847766796,0
0.44755244755244755,0.6666666666666666,0.6055064935064934,0.11407525383237105,0.1702127659574468,0.90625,0.9070175438596492,0.9132877205617579,0.9152552219493518,0.5268043051115868,0
0.5314685314685315,0.6666666666666666,0.5942857142857143,0.05016922158072862,0.16595744680851063,0.90625,0.9015037593984963,0.9188944904573286,0.9225303018299933,0.5262617672072495,0
0.8391608391608392,0.6666666666666666,0.5691428571428571,0.028070873979693396,0.1702127659574468,0.90625,0.9052631578947369,0.9239106949945992,0.9281663981972945,0.5260418194081937,0
0.972027972027972,0.6666666666666666,0.5731948051948053,0.0021899263388413183,0.1702127659574468,0.90625,0.9157894736842105,0.9229356527520021,0.926617468723149,0.5263644095134755,0
0.027972027972027972,0.8333333333333334,0.5723636363636363,0.004977105315548476,0.1702127659574468,0.90625,0.9263157894736842,0.9224702916816716,0.9273636307621888,0.5257045661163083,0
0.4405594405594406,0.8333333333333334,0.5991688311688312,0.07007764284292252,0.16595744680851063,0.9084821428571429,0.9473684210526315,0.9259992797983445,0.9287015764873643,0.5258072084225344,0
0.5034965034965035,0.8333333333333334,0.5950129870129871,0.05952617957395976,0.16595744680851063,0.9254807692307693,0.9562753036437246,0.9292705115327037,0.9323140299453381,0.5269216106044166,0
0.5664335664335665,0.8333333333333334,0.6056103896103896,0.034043400358351565,0.1702127659574468,0.9254807692307693,0.957085020242915,0.931760893050055,0.9347825398082865,0.5256605765564972,0
0.6223776223776224,0.8333333333333334,0.5967792207792207,0.11288074855663942,0.1829787234042553,0.9375,0.957085020242915,0.9327979834353629,0.9370403232195201,0.5254406287574416,0
0.6643356643356644,0.8333333333333334,0.5944935064935065,0.13497909615767464,0.1702127659574468,0.9375,0.9578947368421052,0.9347971116123048,0.9378911510734376,0.5264670518197014,0
0.6853146853146853,0.8333333333333334,0.5924155844155845,0.1244276328887119,0.1702127659574468,0.9375,0.9578947368421052,0.935411178287816,0.9373207636853369,0.5252060177717821,0
0.7482517482517482,0.8333333333333334,0.5837922077922078,0.1650408122635875,0.1702127659574468,0.9375,0.9578947368421052,0.9351098307526113,0.9382009911361098,0.5265696941259275,0
0.9020979020979021,0.8333333333333334,0.5735064935064935,0.004977105315548476,0.16595744680851063,0.9375,0.9473684210526315,0.9380986676269361,0.9392044504299917,0.5252939968914044,0
0.03496503496503497,1.0,0.5686233766233766,0.005176189528170404,0.16595744680851063,0.9375,0.9473684210526315,0.9364125484547444,0.9408139204346879,0.5239596469104666,0
0.055944055944055944,1.0,0.5668571428571428,0.004578936890304593,0.1702127659574468,0.9375,0.9483253588516747,0.9354699315808434,0.9411110230883666,0.5254406287574416,0
0.43356643356643354,1.0,0.5944935064935065,0.050368305793350575,0.1702127659574468,0.9375,0.9473684210526315,0.9386028087864607,0.9390372072143446,0.5238423414176369,0
0.45454545454545453,1.0,0.593974025974026,0.07784192713517815,0.16595744680851063,0.9375,0.9473684210526315,0.9385477345421428,0.9407076718035714,0.5249420804129153,0
0.46153846153846156,1.0,0.5928311688311688,0.06609595859048374,0.1702127659574468,0.9375,0.9473684210526315,0.9402277637738571,0.9411570149726696,0.5250300595325376,0
0.4965034965034965,1.0,0.5884675324675325,0.26040215010949624,0.1702127659574468,0.9375,0.9461988304093567,0.9407706157724167,0.9442652301354668,0.525059385905745,0
0.5104895104895105,1.0,0.5865974025974027,0.22436790762492528,0.17446808510638295,0.9375,0.9417004048582996,0.9440763413755856,0.9487038650787366,0.5247074694272559,0
0.5594405594405595,1.0,0.5818181818181818,0.1254230539518216,0.1702127659574468,0.9375,0.9368421052631579,0.9451566438602816,0.9493059406550654,0.5249714067861228,0
0.5874125874125874,1.0,0.5836883116883116,0.14055345411108897,0.16170212765957445,0.9375,0.9368421052631579,0.9469419858613046,0.9486651350709028,0.5250740490923488,0
0.8321678321678322,1.0,0.5655064935064935,0.0332470635078638,0.1702127659574468,0.9375,0.9157894736842105,0.9511739287000365,0.9544403073754263,0.524751458987067,0
0.8671328671328671,1.0,0.5662337662337662,0.010551463268962764,0.1702127659574468,0.9375,0.9195488721804511,0.9499423838674834,0.9530555335498694,0.5247367958004633,0
0.951048951048951,1.0,0.5636363636363636,0.005773442166036215,0.16595744680851063,0.9375,0.9052631578947369,0.95014146818252,0.9506773350233705,0.5251473650253673,0
0.5104895104895105,0.0,0.5956363636363636,0.05434999004578936,0.16170212765957445,0.9375,0.9148325358851674,0.9557111991357584,0.9545908262695085,0.524546174374615,0
0.7902097902097902,0.0,0.5672727272727273,0.0887915588293848,0.16170212765957445,0.95625,0.9157894736842105,0.9591285559956798,0.9610798630366085,0.5117158860963664,0
0.8251748251748252,0.0,0.5697662337662337,0.04021501094963167,0.16595744680851063,0.96875,0.92,0.9604514527225527,0.9621959914441893,0.5109534003929733,0
0.8601398601398601,0.0,0.5671688311688311,0.02030658968743776,0.1702127659574468,0.96875,0.9148325358851674,0.9617392870003609,0.9659399508833086,0.512097128948063,0
0.8111888111888111,0.5,0.6067532467532467,0.06967947441767867,0.1702127659574468,0.96875,0.7741626794258374,0.9788393381725837,0.9763289233938048,0.5255432710636675,0
0.8321678321678322,0.5,0.6067532467532467,0.036034242484570954,0.16170212765957445,0.96875,0.7789473684210526,0.9803745048613617,0.9762320983742199,0.5240916155899,0
0.9300699300699301,0.5,0.5941818181818181,0.0033844316145729414,0.16595744680851063,0.96875,0.7894736842105263,0.9774406307450304,0.9769626871583622,0.5258658611689492,0
0.951048951048951,0.5,0.5917922077922079,0.0067688632291459105,0.1702127659574468,0.96875,0.7894736842105263,0.9758696435001805,0.98032955715757,0.5243392605192071,0
0.013986013986013986,0.6666666666666666,0.576,0.004977105315548476,0.16170212765957445,0.96875,0.8,0.9731148721642063,0.9775901132852729,0.5238570046042406,0
0.02097902097902098,0.6666666666666666,0.5754805194805195,0.004180768465060709,0.16595744680851063,0.96875,0.8,0.972466690673389,0.9776503208429058,0.525264670518197,0
0.5594405594405595,0.6666666666666666,0.6286753246753247,0.02249651602627911,0.16595744680851063,0.9431818181818182,0.8,0.9576881526827521,0.959832425404607,0.5246928062406522,0
0.6013986013986014,0.6666666666666666,0.625974025974026,0.24009556042205848,0.1702127659574468,0.9567307692307693,0.8064777327935222,0.9584125908195477,0.9586636904623211,0.5247807853602744,0
0.7272727272727273,0.6666666666666666,0.6009350649350649,0.22715508660163244,0.1702127659574468,0.9630681818181818,0.8143540669856459,0.9617212819589496,0.9613809008247731,0.5248101117334819,0
0.8461538461538461,0.6666666666666666,0.5943896103896105,0.02647820027871789,0.1702127659574468,0.9557291666666665,0.8166666666666667,0.9596825572698826,0.9614915386443551,0.5245608375612187,0
0.986013986013986,0.6666666666666666,0.5749610389610389,0.005176189528170404,0.16170212765957445,0.9375,0.8210526315789474,0.9566510622974441,0.9562164303255969,0.5258072084225344,0
0.06293706293706294,0.8333333333333334,0.5649870129870129,0.00477802110292652,0.16170212765957445,0.9375,0.8291497975708503,0.9558084263593811,0.9548617602788565,0.5255286078770638,0
0.5454545454545454,0.8333333333333334,0.5746493506493506,0.3444156878359545,0.1872340425531915,0.9375,0.811578947368421,0.9572992437882614,0.9547413451635905,0.5247414262804435,0
0.5874125874125874,0.8333333333333334,0.5633246753246753,0.34879554051363726,0.17872340425531916,0.9375,0.8105263157894737,0.954379015598052,0.9540204388814075,0.524956743599519,0
0.6993006993006993,0.8333333333333334,0.5560519480519481,0.32012741389607796,0.1702127659574468,0.9567307692307693,0.8170040485829959,0.9587684551674479,0.9597419173114334,0.5245021848148039,0
0.7902097902097902,0.8333333333333334,0.5515844155844155,0.10013935894883531,0.1702127659574468,0.96875,0.8315789473684211,0.9633273316528637,0.9619963558583539,0.5247661221736708,0
0.8251748251748252,0.8333333333333334,0.5490909090909091,0.047182958391399535,0.1702127659574468,0.96875,0.8315789473684211,0.9615412315448335,0.9608457225347029,0.5245021848148039,0
0.8321678321678322,0.8333333333333334,0.5488831168831169,0.03643241090981484,0.1702127659574468,0.96875,0.8315789473684211,0.9619661505221472,0.9630800918957458,0.5243848793219742,0
0.8531468531468531,0.8333333333333334,0.5503376623376623,0.016723073860242865,0.1702127659574468,0.96875,0.8364372469635628,0.9622974432841205,0.9612805548953849,0.5251913545851784,0
0.8741258741258742,0.8333333333333334,0.5514805194805195,0.007565200079633678,0.1702127659574468,0.96875,0.8374269005847953,0.961973352538712,0.9603439928877625,0.5243408897621631,0
0.9230769230769231,0.8333333333333334,0.5544935064935066,0.004578936890304593,0.1702127659574468,0.96875,0.8401913875598086,0.9608210298883698,0.9614143494679024,0.5252060177717821,0
0.965034965034965,0.8333333333333334,0.552935064935065,0.004977105315548476,0.1702127659574468,0.96875,0.8412280701754387,0.9595329769258479,0.9601021334682116,0.5247807853602744,0
0.055944055944055944,1.0,0.5581298701298701,0.004578936890304593,0.1702127659574468,0.9635416666666665,0.8403508771929824,0.9624983416409237,0.9609284639150755,0.5245315111880113,0
0.4405594405594406,1.0,0.607064935064935,0.07246665339438582,0.1702127659574468,0.96875,0.862406015037594,0.9626575441123522,0.9588722525900694,0.5245901639344261,0
0.45454545454545453,1.0,0.6076883116883116,0.10949631694206648,0.1702127659574468,0.96875,0.862200956937799,0.9640259272596334,0.9597084686683044,0.524546174374615,0
0.4755244755244755,1.0,0.6003116883116882,0.14194704359944252,0.1702127659574468,0.96875,0.8631578947368421,0.9636190133237316,0.963862790144974,0.5245673545330427,0
0.6013986013986014,1.0,0.5777662337662338,0.11726060123432211,0.1702127659574468,0.96875,0.8675438596491228,0.9705221462009368,0.966662441574903,0.5242783782824315,0
0.6083916083916084,1.0,0.5781818181818181,0.368903045988453,0.1872340425531915,0.96875,0.8679425837320573,0.9721750090025211,0.9684084607462569,0.5243115633889557,0
0.9020979020979021,1.0,0.5513766233766234,0.005176189528170404,0.16595744680851063,0.96875,0.8315789473684211,0.9725639178970115,0.970304998811693,0.536394029150415,0
0.9440559440559441,1.0,0.5478441558441558,0.005176189528170404,0.1702127659574468,0.96875,0.8315789473684211,0.9728231904933384,0.9693416778895673,0.5246488166808411,0
0.04195804195804196,0.0,0.5563636363636364,0.00477802110292652,0.16170212765957445,0.96875,0.8210526315789474,0.972291300387638,0.9730426718734712,0.5247414262804435,0
0.07692307692307693,0.0,0.5625974025974027,0.00477802110292652,0.1574468085106383,0.8880208333333334,0.7456140350877193,0.9724342815988481,0.9707866592727568,0.5244288688817854,0
0.6643356643356644,0.0,0.6649350649350649,0.0993430220983476,0.1702127659574468,0.9375,0.9578947368421052,0.9547065178249914,0.9563067416620459,0.5260858089680048,0
0.7412587412587412,0.0,0.6391688311688312,0.09137965359347004,0.1702127659574468,0.9375,0.9578947368421052,0.951494418437163,0.9504097458783354,0.5244142056951816,0
0.8391608391608392,0.0,0.6222337662337663,0.02986263189329086,0.1702127659574468,0.9375,0.9676113360323886,0.9512423478574007,0.9510118214546641,0.5243115633889557,0
0.006993006993006993,0.16666666666666666,0.6233766233766234,0.006370694803902027,0.16595744680851063,0.9375,0.9578947368421052,0.9501260352898816,0.9515135511016046,0.5231238452740549,0
0.03496503496503497,0.16666666666666666,0.6217142857142857,0.00477802110292652,0.17446808510638295,0.9375,0.9578947368421052,0.9494418437162411,0.9498076703020063,0.5246488166808411,0
0.04195804195804196,0.16666666666666666,0.6233766233766234,0.005574357953414288,0.16595744680851063,0.9375,0.9578947368421052,0.9514584083543396,0.9500418108039119,0.523988973283674,0
0.06993006993006994,0.16666666666666666,0.6249350649350649,0.00477802110292652,0.1702127659574468,0.9375,0.9578947368421052,0.9503060857039974,0.9501756053764296,0.5244481625483691,0
0.46853146853146854,0.16666666666666666,0.7003636363636364,0.12602030658968738,0.1702127659574468,0.9375,0.9578947368421052,0.9507382066978759,0.951446653815346,0.5246781430540485,0
0.4825174825174825,0.16666666666666666,0.7190649350649351,0.17001791757913595,0.1702127659574468,0.9375,0.9578947368421052,0.9536694274396831,0.9544403073754263,0.5246488166808411,0
0.5174825174825175,0.16666666666666666,0.7228051948051949,0.1889309177782202,0.1702127659574468,0.9375,0.9531100478468901,0.9508822470291686,0.9543198922601606,0.5261460052077465,0
0.5594405594405595,0.16666666666666666,0.7286233766233766,0.04359944256420464,0.1702127659574468,0.9375,0.9531100478468901,0.950630176449406,0.9526842536111334,0.5243848793219742,0
0.6083916083916084,0.16666666666666666,0.716051948051948,0.20266772844913392,0.16595744680851063,0.9375,0.956390977443609,0.9534425639178976,0.9539887506931798,0.5241795947095222,0
0.6783216783216783,0.16666666666666666,0.6670129870129871,0.3474019510252836,0.17446808510638295,0.9375,0.9452631578947368,0.9546741087504507,0.9560659114315145,0.5247221326138596,0
0.8181818181818182,0.16666666666666666,0.6168311688311688,0.05016922158072862,0.1702127659574468,0.9460227272727275,0.939712918660287,0.9591370289563438,0.9594074308801399,0.5237381556180841,0
0.8601398601398601,0.16666666666666666,0.6113246753246753,0.005176189528170404,0.16595744680851063,0.9495192307692307,0.9408906882591094,0.9615090119970442,0.9615622276796325,0.5137394058476787,0
0.9020979020979021,0.16666666666666666,0.6084155844155844,0.003782600039816825,0.16595744680851063,0.9423076923076925,0.9392712550607287,0.9578406659747092,0.9589824363556723,0.5240476260300888,0
0.9440559440559441,0.16666666666666666,0.6098701298701299,0.004578936890304593,0.16595744680851063,0.9447115384615384,0.9425101214574898,0.9589082590184084,0.9586282742519492,0.5139007009003196,0
1.0,0.16666666666666666,0.6066493506493507,0.004379852677682637,0.1702127659574468,0.946875,0.9463157894736842,0.9574000720201663,0.9571998204335999,0.5227966246887932,0
0.43356643356643354,0.3333333333333333,0.7214545454545455,0.07206848496914191,0.1702127659574468,0.9545454545454546,0.9559808612440189,0.9580122434281608,0.9560659114315145,0.5183583096278483,0
0.48951048951048953,0.3333333333333333,0.7190649350649351,0.032649810869997985,0.16595744680851063,0.9548611111111113,0.9555555555555554,0.959564467524592,0.9568723758219125,0.5166133904220065,0
0.8111888111888111,0.3333333333333333,0.6108051948051948,0.09575950627115268,0.1702127659574468,0.9620535714285714,0.9548872180451129,0.9599567879006131,0.9626887427711319,0.5142526173788088,0
0.07692307692307693,0.5,0.5895064935064935,0.005574357953414288,0.1702127659574468,0.9375,0.9413533834586466,0.9487159562572262,0.953228234175711,0.5228599079151881,0
0.4195804195804196,0.5,0.5976103896103897,0.02926537925542502,0.16595744680851063,0.9375,0.9263157894736842,0.9432661145120637,0.9457403152974728,0.5291403822615574,0
0.6153846153846154,0.5,0.6878961038961039,0.22974318136571767,0.1702127659574468,0.9375,0.9192982456140351,0.9511300811285986,0.9515096159671188,0.5247074694272559,0
0.6643356643356644,0.5,0.6517402597402597,0.13796535934700374,0.17446808510638295,0.9375,0.9263157894736842,0.9519193374144763,0.9552230056246536,0.524194257896126,0
0.7132867132867133,0.5,0.6379220779220779,0.08580529564005572,0.16170212765957445,0.9375,0.9263157894736842,0.9521786100108036,0.9563970529984952,0.524633381747574,0
0.8041958041958042,0.5,0.6131948051948053,0.06589687437786182,0.1702127659574468,0.959375,0.9294736842105263,0.9422315171324898,0.9607505225504116,0.5205284612451978,0
0.9370629370629371,0.5,0.5996883116883117,0.0029862631893290857,0.1702127659574468,0.9375,0.9421052631578948,0.9411955347497302,0.9512459619565696,0.5262910935804569,0
0.972027972027972,0.5,0.5957402597402597,0.00477802110292652,0.1702127659574468,0.9375,0.9441295546558705,0.9385667987036375,0.946041353085637,0.524854101293293,0
0.8601398601398601,0.6666666666666666,0.6045714285714285,0.012741389607804082,0.1702127659574468,0.9375,0.9622807017543862,0.9225243068059062,0.9357458607304129,0.524854101293293,0
0.8741258741258742,0.6666666666666666,0.6037402597402598,0.004578936890304593,0.1702127659574468,0.9375,0.9657894736842105,0.924090745408715,0.9418468932372126,0.5250740490923488,0
0.9090909090909091,0.6666666666666666,0.6024935064935064,0.0035835158271948974,0.16595744680851063,0.9375,0.968421052631579,0.9249549873964716,0.9359264834033116,0.5247954485468782,0
0.9790209790209791,0.6666666666666666,0.6086233766233766,0.00477802110292652,0.16595744680851063,0.9375,0.9799043062200957,0.9264133957508113,0.9370403232195202,0.5250007331593302,0
0.027972027972027972,0.8333333333333334,0.5905454545454545,0.004977105315548476,0.16170212765957445,0.9375,0.9961722488038278,0.930578915037388,0.9328806893112944,0.5249860699727265,0
0.07692307692307693,0.8333333333333334,0.6196363636363637,0.005176189528170404,0.1702127659574468,0.9375,0.9989473684210527,0.9327331652862811,0.9319795435140443,0.5247367958004633,0
0.4195804195804196,0.8333333333333334,0.5864935064935065,0.01891300019908421,0.1702127659574468,0.9278846153846154,0.979757085020243,0.9303204897371273,0.9311433274358092,0.5251180386521599,0
0.43356643356643354,0.8333333333333334,0.5855584415584416,0.024885526577742383,0.16595744680851063,0.9375,0.9736842105263158,0.9298163485776026,0.9318890354208706,0.524296900202352,0
0.5174825174825175,0.8333333333333334,0.5916883116883117,0.0551463268962771,0.1702127659574468,0.9375,0.968421052631579,0.9301404393230113,0.9327154136628906,0.5250447227191413,0
0.6433566433566433,0.8333333333333334,0.5726753246753247,0.11646426438383435,0.16595744680851063,0.9375,0.968421052631579,0.9325891249549882,0.9322136840159497,0.5268776210446053,0
0.7412587412587412,0.8333333333333334,0.561038961038961,0.08620346406529958,0.16595744680851063,0.9375,0.9481781376518219,0.9340104641064211,0.9327390244698052,0.5253966391976304,0
0.7202797202797203,0.16666666666666666,0.5256103896103896,0.2578140553454111,0.16595744680851063,0.9375,0.9661654135338344,0.9330953843546792,0.9388306126538393,0.5250740490923488,0
0.7902097902097902,0.16666666666666666,0.7238441558441558,0.04817837945450923,0.1702127659574468,0.9375,0.9728070175438599,0.9393446164926185,0.9436631545591381,0.5253526496378192,0
0.8041958041958042,0.16666666666666666,0.7482597402597403,0.03125622138164441,0.16595744680851063,0.9375,0.9726315789473685,0.9393446164926185,0.943121286540442,0.5251033754655562,0
0.8111888111888111,0.16666666666666666,0.7641558441558441,0.02309376866414492,0.16170212765957445,0.9375,0.9730994152046784,0.9380986676269361,0.9430175957467407,0.5265257045661162,0
0.9090909090909091,0.16666666666666666,0.8482077922077922,0.005574357953414288,0.16595744680851063,0.9375,0.968421052631579,0.9393770255671593,0.9413827933137928,0.5243115633889557,0
0.04895104895104895,0.3333333333333333,0.8482077922077922,0.002389010551463246,0.16595744680851063,0.9375,0.9789473684210527,0.9378826071299969,0.9395723855044148,0.5251766913985747,0
0.06993006993006994,0.3333333333333333,0.8,0.004977105315548476,0.1702127659574468,0.9375,0.9789473684210527,0.9366222542311857,0.9408099853002022,0.5251473650253673,0
0.43356643356643354,0.3333333333333333,0.7604155844155844,0.00955604220585307,0.16170212765957445,0.9375,0.9894736842105263,0.9313796098201624,0.9385472829708612,0.5246796865473752,0
0.6223776223776224,0.3333333333333333,0.6588051948051948,0.016523989647620935,0.1702127659574468,0.8125,0.8536842105263157,0.8485992077781782,0.8087079141250099,0.530367459456289,0
0.6713286713286714,0.3333333333333333,0.6886233766233766,0.02926537925542502,0.1702127659574468,0.90625,0.8,0.9086784299603893,0.9139841735104354,0.5263057567670605,0
0.6853146853146853,0.3333333333333333,0.6914285714285714,0.047182958391399535,0.1574468085106383,0.90625,0.8,0.9108570399711925,0.9150796165729229,0.5273615062025279,0
0.8181818181818182,0.3333333333333333,0.7150129870129871,0.026080031853474003,0.1702127659574468,0.90625,0.8535087719298246,0.9224134336561611,0.9248039293353404,0.5261591249010235,0
0.8671328671328671,0.3333333333333333,0.72,0.005574357953414288,0.16595744680851063,0.90625,0.8726315789473685,0.9229744328411962,0.9261594796095317,0.5260124930349863,0
0.06293706293706294,0.5,0.7170909090909091,0.004379852677682637,0.16170212765957445,0.9090909090909091,0.9157894736842105,0.9249189773136487,0.9255908526763321,0.5257045661163084,0
0.5244755244755245,0.5,0.7188571428571429,0.44853673103722863,0.17446808510638295,0.90625,0.9473684210526315,0.9189879048486518,0.9245578798738069,0.5260858089680048,1
0.5594405594405595,0.5,0.5768311688311689,0.6735018913000197,0.23829787234042552,0.8125,0.6880382775119617,0.8485343896290964,0.8000982333835068,0.5319364204228862,1
0.6223776223776224,0.5,0.5842077922077922,0.7240692813059925,0.225531914893617,0.8125,0.7415204678362572,0.8508678429960392,0.8168660381842674,0.530778028681193,1
0.6433566433566433,0.5,0.606025974025974,0.3016125821222377,0.1702127659574468,0.90625,0.7452631578947368,0.8909254591285564,0.9001364352548702,0.5278307281738468,0
0.6573426573426573,0.5,0.616,0.3045988453115667,0.1702127659574468,0.90625,0.7578947368421053,0.9007129996398995,0.9101275449576175,0.5279920232264875,0
0.6643356643356644,0.5,0.6233766233766234,0.30439976109894484,0.1702127659574468,0.90625,0.7640350877192982,0.904342815988477,0.9116929414560723,0.5275667908149798,0
0.6783216783216783,0.5,0.6335584415584415,0.2749352976308978,0.1702127659574468,0.90625,0.7789473684210526,0.9076809506661871,0.9151849797987801,0.5277134226810171,0
0.6923076923076923,0.5,0.6385454545454545,0.23372486561815645,0.1702127659574468,0.90625,0.7894736842105263,0.9103709038530794,0.918131805258479,0.5293850259538403,0
0.6993006993006993,0.5,0.6418701298701298,0.2140155285685845,0.1702127659574468,0.90625,0.7923444976076555,0.9120084149877763,0.9185613562544567,0.5267309891785682,0
0.7132867132867133,0.5,0.6483116883116883,0.17698586502090383,0.1702127659574468,0.90625,0.8093567251461988,0.9127475693194103,0.9186000862622904,0.52705357928385,0
0.8811188811188811,0.5,0.6607792207792208,0.004379852677682637,0.16595744680851063,0.90625,0.9028340080971661,0.922329852358661,0.9217476035807655,0.5260711457814011,0
0.027972027972027972,0.6666666666666666,0.660987012987013,0.00477802110292652,0.15319148936170213,0.90625,0.92,0.9210658984515674,0.9225001980511769,0.5264670518197014,0
0.04895104895104895,0.6666666666666666,0.6626493506493506,0.004180768465060709,0.1702127659574468,0.90625,0.9205741626794258,0.9205797623334537,0.921416462013784,0.5261151353412123,0
0.4195804195804196,0.6666666666666666,0.6335584415584415,0.040613179374875547,0.1702127659574468,0.90625,0.9347368421052631,0.9187972632337064,0.9170280000352091,0.526129798527816,0
0.6573426573426573,0.6666666666666666,0.6462337662337663,0.3282898666135775,0.1702127659574468,0.9204545454545454,0.9368421052631579,0.9257472092185822,0.9296046898518577,0.5261737880876272,0
0.7622377622377622,0.6666666666666666,0.618909090909091,0.1270157276527971,0.1702127659574468,0.9330357142857143,0.8947368421052632,0.9284119553474982,0.9309426355770327,0.5282266342121469,0
0.9020979020979021,0.6666666666666666,0.6282597402597403,0.004578936890304593,0.17446808510638295,0.9270833333333334,0.9192982456140351,0.9307886208138288,0.9311098787926799,0.5259245139153641,0
0.916083916083916,0.6666666666666666,0.6305454545454545,0.004379852677682637,0.16170212765957445,0.9289772727272727,0.9196172248803828,0.929549450316678,0.9300119762711393,0.5259978298483826,0
0.8741258741258742,0.16666666666666666,0.7428571428571429,0.35516623531753927,0.1702127659574468,0.8125,0.6931174089068826,0.8161901332373074,0.7571100372336214,0.5337546555617466,1
0.972027972027972,0.16666666666666666,0.744,0.0017917579135974344,0.16595744680851063,0.875,0.7052631578947368,0.8760893050054017,0.8925435932645,0.5295316578198774,0
0.02097902097902098,0.3333333333333333,0.7194805194805195,0.48755723671112877,0.1829787234042553,0.803125,0.6726315789473684,0.8262369463449768,0.7926324962370273,0.533060855311392,1
0.06293706293706294,0.3333333333333333,0.7142857142857143,0.0015926737009755068,0.16170212765957445,0.875,0.6842105263157895,0.861530428519986,0.8711732551691359,0.5333000967770315,0
0.06993006993006994,0.3333333333333333,0.7126233766233766,0.0009954210631096952,0.1702127659574468,0.875,0.6842105263157895,0.8648456862039025,0.8772418228164282,0.5319217572362825,0
0.46153846153846156,0.5,0.5785974025974026,0.13378459088194303,0.1702127659574468,0.875,0.8421052631578947,0.8841195534749734,0.8864893888580812,0.5291357517815771,0
0.46853146853146854,0.5,0.5777662337662338,0.05892892693609395,0.1702127659574468,0.875,0.8514619883040936,0.8834523078226614,0.8908416475993869,0.5285785506906361,0
0.4825174825174825,0.5,0.5732987012987012,0.1682261596655385,0.1702127659574468,0.875,0.8518218623481781,0.8849477853799065,0.8907039178923838,0.5285492243174287,0
0.5104895104895105,0.5,0.5547012987012987,0.13577543300816242,0.1702127659574468,0.875,0.8392344497607657,0.878718041051495,0.8907039178923838,0.5289744567289363,0
0.6643356643356644,0.5,0.5371428571428571,0.4013537726458291,0.1702127659574468,0.8506944444444444,1.0,0.8628267915016208,0.851425176265547,0.984735622745535,0
0.7132867132867133,0.5,0.6076883116883116,0.7784192713517817,0.24680851063829787,0.84375,0.9983805668016194,0.8493338134677714,0.8304294629732326,0.9888999677409895,1
0.7482517482517482,0.5,0.5608311688311688,0.48855265777423845,0.20425531914893616,0.8727678571428571,0.9812030075187971,0.8659344616492622,0.8703671428697174,0.98428106396082,1
0.8531468531468531,0.5,0.7103376623376624,0.4584909416683256,0.17446808510638295,0.78125,0.788421052631579,0.8214937829651128,0.7833888653298603,0.9636499604093961,1
0.9230769230769231,0.5,0.6410389610389611,0.09197690623133582,0.1702127659574468,0.8727678571428571,0.8082706766917294,0.8589377025567162,0.8652428107422964,0.9844423590134608,0
0.9790209790209791,0.5,0.6125714285714285,0.09556042205853074,0.1702127659574468,0.875,0.811578947368421,0.8734245588764857,0.8819504079854233,0.9842517375876125,0
0.993006993006993,0.5,0.5707012987012987,0.47322317340234915,0.19148936170212766,0.8181818181818182,0.7617224880382775,0.8559956787900614,0.8290246199617987,0.9683715064957916,1
0.4405594405594406,0.6666666666666666,0.49423376623376625,0.18216205454907422,0.1702127659574468,0.875,0.9578947368421052,0.8973748649621899,0.8840275687237582,0.9837531892430863,0
0.46153846153846156,0.6666666666666666,0.49922077922077923,0.21341827593071863,0.1702127659574468,0.875,0.9674641148325358,0.8964921942849887,0.8851750539398205,0.9832546408985599,0
0.6293706293706294,0.6666666666666666,0.47833766233766234,0.49910412104320123,0.19148936170212766,0.90625,0.9942583732057415,0.890140818376514,0.8998653252000318,0.9822328483162803,0
0.7902097902097902,0.6666666666666666,0.6486233766233765,0.5436989846705156,0.1957446808510638,0.78125,0.7094736842105264,0.8206625855239471,0.7902241939317126,0.9655121851080677,1
0.8041958041958042,0.6666666666666666,0.6303376623376624,0.4549074258411307,0.17446808510638295,0.7926136363636364,0.7416267942583732,0.817324450846238,0.7830895983522148,0.9599255110120529,1
0.8671328671328671,0.6666666666666666,0.6025974025974026,0.09436591678279913,0.16595744680851063,0.84375,0.8621052631578948,0.8384568731876508,0.8423829517547338,0.9855860875685504,0
0.9370629370629371,0.6666666666666666,0.6484155844155844,0.5166235317539318,0.1872340425531915,0.8806818181818182,0.7665071770334928,0.87767014764134,0.860456309910481,0.9885187248892929,1
0.958041958041958,0.6666666666666666,0.5695584415584416,0.5174198686044196,0.19148936170212766,0.8125,0.5578947368421052,0.8340475333093272,0.8098819614988514,0.9605853544092202,1
0.04895104895104895,0.8333333333333334,0.580987012987013,0.09337049571968943,0.1702127659574468,0.875,0.7012145748987854,0.8677853799063742,0.8752071615305395,0.9853221502096835,0
0.4405594405594406,0.8333333333333334,0.5294545454545455,0.10750547481584709,0.1702127659574468,0.875,0.8842105263157894,0.8994958588404758,0.8777927416444412,0.983973137042142,0
0.5384615384615384,0.8333333333333334,0.5122077922077922,0.23830380250846103,0.1829787234042553,0.875,0.9578947368421052,0.8903455072683514,0.8901370514140861,0.9827267661808263,0
0.5454545454545454,0.8333333333333334,0.508987012987013,0.39996018315747556,0.1702127659574468,0.875,0.9587044534412956,0.893670698383783,0.8897083288674736,0.9847942754919499,0
0.5594405594405595,0.8333333333333334,0.5056623376623377,0.41568783595460873,0.17872340425531916,0.878125,0.968421052631579,0.8916498972653522,0.891691636648322,0.9851315287838353,0
0.5874125874125874,0.8333333333333334,0.49787012987012985,0.30519609794943253,0.1872340425531915,0.8875,0.9712280701754388,0.896867122794383,0.8921087609038182,0.9829320507932782,0
0.6293706293706294,0.8333333333333334,0.4927792207792208,0.5068684053354569,0.1829787234042553,0.8920454545454546,0.9846889952153112,0.9035078057150123,0.8932145336943306,0.9830346930995044,0
0.6923076923076923,0.8333333333333334,0.48353246753246754,0.33286880350388215,0.1702127659574468,0.9,1.0,0.9025927259632701,0.8976043729699754,0.9824041760755446,0
0.7132867132867133,0.8333333333333334,0.48342857142857143,0.2988254031455305,0.17446808510638295,0.90625,1.0,0.9033057256031692,0.8983870712192031,0.9822722073961113,0
0.958041958041958,0.8333333333333334,0.4779220779220779,0.09436591678279913,0.1702127659574468,0.90625,1.0,0.9165115706081923,0.8989146795531961,0.981476536586194,0
0.965034965034965,0.8333333333333334,0.47833766233766234,0.0959585904837746,0.1702127659574468,0.90625,1.0,0.919553474972993,0.9018088674113395,0.9821255755300742,0
0.993006993006993,0.8333333333333334,0.4820779220779221,0.09376866414493329,0.1702127659574468,0.90625,1.0,0.9188620813827876,0.8959787689138878,0.9820375964104519,0
0.013986013986013986,1.0,0.4841558441558442,0.09655584312164044,0.1702127659574468,0.90625,1.0,0.9170795822830402,0.8956777311257236,0.983870494735916,0
0.055944055944055944,1.0,0.4861298701298701,0.09376866414493329,0.1702127659574468,0.90625,1.0,0.9175981274756939,0.8959787689138878,0.9823015337693187,0
0.5104895104895105,1.0,0.4851948051948052,0.11009356957993226,0.16595744680851063,0.90625,1.0,0.9220381706877933,0.8995167551295256,0.9832986304583711,0
0.7132867132867133,1.0,0.49049350649350654,0.23511845510651,0.1702127659574468,0.90625,1.0,0.9220021606049702,0.9030464672071266,0.983665210123464,0
0.7272727272727273,1.0,0.48633766233766235,0.19370893888114665,0.1702127659574468,0.90625,1.0,0.9235838342428194,0.9017471160701775,0.9831666617789377,0
0.8461538461538461,1.0,0.49236363636363634,0.12323312761298029,0.1702127659574468,0.90625,1.0,0.926323370543753,0.9024778402739266,0.9834985128441796,0
0.8601398601398601,1.0,0.4944415584415584,0.10750547481584709,0.1702127659574468,0.90625,1.0,0.9261793302124602,0.9024443916307975,0.9835772310038418,0
0.916083916083916,1.0,0.4973506493506493,0.09854668524785982,0.16595744680851063,0.90625,1.0,0.9245228664025935,0.9025781862033148,0.9820669227836591,0
0.972027972027972,1.0,0.4985974025974026,0.09675492733426237,0.17872340425531916,0.90625,1.0,0.924897794911988,0.903662315754156,0.9834892518842193,0
0.6223776223776224,0.0,0.45340259740259736,0.5448934899462473,0.1872340425531915,0.90625,1.0,0.9357940223262522,0.9234501395160513,0.9820962491568666,0
0.7622377622377622,0.0,0.5356883116883117,0.6679275333466055,0.23404255319148937,0.8125,0.656140350877193,0.8701188332733168,0.8253252000316882,0.97539517287897,1
0.9300699300699301,0.0,0.6054025974025975,0.40672904638662144,0.1702127659574468,0.8125,0.631578947368421,0.8318646868181921,0.7875679781537906,0.9593274073479544,1
0.9440559440559441,0.0,0.6173506493506494,0.4172805096555842,0.1702127659574468,0.7222222222222222,0.5894736842105263,0.8322840983710738,0.795961620012023,0.9593976362943194,1
0.02097902097902098,0.16666666666666666,0.552935064935065,0.10133386422456699,0.16595744680851063,0.875,0.6810526315789474,0.8893410154843359,0.8874593995088333,0.9812017947740402,0
0.5384615384615384,0.16666666666666666,0.5108571428571429,0.3223173402349193,0.1829787234042553,0.815625,0.8663157894736842,0.9013683831472817,0.9012402404781399,0.9827707557406375,0
0.5804195804195804,0.16666666666666666,0.43376623376623374,0.8060919769062311,0.2553191489361702,0.8125,0.7111111111111111,0.8517957659723673,0.8175711003723365,0.9692520694386778,1
0.5944055944055944,0.16666666666666666,0.41849350649350653,0.8566593669122039,0.25106382978723407,0.8125,0.6210526315789474,0.8406913935902052,0.8071157587120511,0.9671984515674946,1
0.6153846153846154,0.16666666666666666,0.4241038961038961,0.5289667529364922,0.24255319148936172,0.8104166666666667,0.6456140350877193,0.8295507742167814,0.786611740473739,0.9596322472799789,1
0.6363636363636364,0.16666666666666666,0.42774025974025975,0.810471829583914,0.25106382978723407,0.8125,0.7052631578947368,0.8244015692815043,0.7882595262615867,0.9606146807824276,1
0.7272727272727273,0.16666666666666666,0.5517922077922078,0.6579733227155086,0.24680851063829787,0.8125,0.8298245614035087,0.825999279798344,0.794907003969826,0.9876829232528813,1
0.7762237762237763,0.16666666666666666,0.5487792207792208,0.6412502488552657,0.2127659574468085,0.8100961538461539,0.7433198380566801,0.8237738566798707,0.7921809395547806,0.9631367488782662,1
1.0,0.16666666666666666,0.6552727272727273,0.6125821222377066,0.1872340425531915,0.78125,0.8032388663967611,0.8100648181490827,0.7812833716232278,0.9606293439690313,1
0.0,0.3333333333333333,0.6491428571428571,0.6064105116464265,0.2127659574468085,0.7834821428571429,0.7699248120300751,0.8113935902052579,0.7915788639784519,0.9609812604475205,1
0.006993006993006993,0.3333333333333333,0.6414545454545454,0.6213418275930719,0.2,0.765625,0.7221052631578947,0.8076665466330577,0.7820058623148223,0.9614358192322355,1
0.45454545454545453,0.3333333333333333,0.5276883116883117,0.24865618156480188,0.17446808510638295,0.875,0.9473684210526315,0.8892401872524308,0.8830642478016321,0.983210651338749,0
0.5244755244755245,0.3333333333333333,0.49662337662337663,0.8056938084809875,0.2553191489361702,0.7864583333333334,0.7263157894736842,0.8418581202736769,0.8112667353244079,0.9814510689463034,1
0.5594405594405595,0.3333333333333333,0.5243636363636364,0.8582520406131793,0.2553191489361702,0.7840909090909091,0.708133971291866,0.8188800864241994,0.7912176186326547,0.9624329159212878,1
0.6503496503496503,0.3333333333333333,0.499012987012987,0.7407923551662353,0.23829787234042552,0.875,0.7789473684210526,0.8704717320849841,0.8761872067742305,0.9833279568315786,0
0.6713286713286714,0.3333333333333333,0.4932987012987013,0.6713119649611786,0.23404255319148937,0.875,0.8076555023923445,0.8800087182305786,0.880123583934089,0.9834305991378046,0
0.6783216783216783,0.3333333333333333,0.4903896103896104,0.6689229544097152,0.22127659574468087,0.875,0.8124401913875599,0.8784155563557802,0.882281549552404,0.9849702337311944,0
0.8881118881118881,0.3333333333333333,0.638961038961039,0.535337447740394,0.1829787234042553,0.78125,0.8421052631578947,0.807958228303925,0.7754501855587185,0.9590457198158304,1
0.9020979020979021,0.3333333333333333,0.6118441558441559,0.5580330479792951,0.19148936170212766,0.78125,0.8478468899521531,0.809902772776378,0.7797409956615141,0.9602041115575236,1
0.958041958041958,0.3333333333333333,0.6022857142857143,0.10869998009157872,0.1702127659574468,0.875,0.8412280701754387,0.8613035649981997,0.8718957458607309,0.9838265051761049,0
0.9790209790209791,0.3333333333333333,0.5903376623376624,0.10412104320127409,0.1702127659574468,0.875,0.8412955465587044,0.8657904213179695,0.8765551418486542,0.9832206840453724,0
0.027972027972027972,0.5,0.4633766233766234,0.10511646426438379,0.1702127659574468,0.7471590909090909,0.5808612440191387,0.7887857021018524,0.765792600808049,0.9606000175958239,0
0.4195804195804196,0.5,0.48893506493506494,0.11984869599840729,0.1702127659574468,0.8725961538461539,0.7967611336032389,0.8884299603889089,0.8659351976550747,0.9838998211091234,0
0.42657342657342656,0.5,0.4884155844155844,0.12183953812462668,0.1702127659574468,0.875,0.8105263157894737,0.8887140163951791,0.8704064942145755,0.9837917765762539,0
0.43356643356643354,0.5,0.4873766233766234,0.127413896078041,0.1702127659574468,0.875,0.8105263157894737,0.8902772776377389,0.8699239483482537,0.9836798733100677,0
0.44755244755244755,0.5,0.4844675324675325,0.15488751741986856,0.1872340425531915,0.875,0.8192982456140351,0.8881058696435005,0.8741234254931475,0.9840464529751606,0
0.46153846153846156,0.5,0.48436363636363633,0.1606609595859048,0.1702127659574468,0.875,0.8315789473684211,0.8852965146030365,0.8752436029470015,0.9836505469368603,0
0.48951048951048953,0.5,0.4804155844155844,0.3073860242882739,0.1702127659574468,0.875,0.8421052631578947,0.8783579402232627,0.8768896282799481,0.9831373354057303,0
0.4965034965034965,0.5,0.4795844155844156,0.33366514035436984,0.1702127659574468,0.875,0.845933014354067,0.8772776377385672,0.878127228075735,0.9832399777119563,0
0.5664335664335665,0.5,0.48914285714285716,0.4489348994624725,0.17446808510638295,0.875,0.8746411483253589,0.88159884767735,0.8857869673523636,0.982286870582715,0
0.7552447552447552,0.0,0.3305974025974026,0.6287079434600834,0.2127659574468085,0.78125,0.6431578947368422,0.8318329132157011,0.7945390688954029,0.9619930203231766,1
